{
  "modules": {
    "MyCompanyName.MyProjectName": {
      "path": "MyCompanyName.MyProjectName.jellogmdl.json"
    },
    "MyCompanyName.MyProjectName.AuthServer": {
      "path": "apps/auth-server/MyCompanyName.MyProjectName.AuthServer.jellogmdl.json"
    },
    "MyCompanyName.MyProjectName.Blazor": {
      "path": "apps/blazor/MyCompanyName.MyProjectName.Blazor.jellogmdl.json"
    },
    "MyCompanyName.MyProjectName.PublicWeb": {
      "path": "apps/public-web/MyCompanyName.MyProjectName.PublicWeb.jellogmdl.json"
    },
    "MyCompanyName.MyProjectName.Web": {
      "path": "apps/web/MyCompanyName.MyProjectName.Web.jellogmdl.json"
    },
    "MyCompanyName.MyProjectName.InternalGateway": {
      "path": "gateways/internal/MyCompanyName.MyProjectName.InternalGateway.jellogmdl.json"
    },
    "MyCompanyName.MyProjectName.WebGateway": {
      "path": "gateways/web/MyCompanyName.MyProjectName.WebGateway.jellogmdl.json"
    },
    "MyCompanyName.MyProjectName.PublicWebGateway": {
      "path": "gateways/web-public/MyCompanyName.MyProjectName.PublicWebGateway.jellogmdl.json"
    },
    "MyCompanyName.MyProjectName.AdministrationService": {
      "path": "services/administration/MyCompanyName.MyProjectName.AdministrationService.jellogmdl.json"
    },
    "MyCompanyName.MyProjectName.IdentityService": {
      "path": "services/identity/MyCompanyName.MyProjectName.IdentityService.jellogmdl.json"
    },
    "MyCompanyName.MyProjectName.ProductService": {
      "path": "services/product/MyCompanyName.MyProjectName.ProductService.jellogmdl.json"
    },
    "MyCompanyName.MyProjectName.SaasService": {
      "path": "services/saas/MyCompanyName.MyProjectName.SaasService.jellogmdl.json"
    }
  }
}