{
  "GlobalConfiguration": {
    "BaseUrl": "https://localhost:44353"
  },
  "Routes": [
    {
      "ServiceKey": "Account Service",
      "DownstreamPathTemplate": "/api/account/{everything}",
      "DownstreamScheme": "https",
      "DownstreamHostAndPorts": [
        {
          "Host": "localhost",
          "Port": 44322
        }
      ],
      "UpstreamPathTemplate": "/api/account/{everything}",
      "UpstreamHttpMethod": [ "Put", "Delete", "Get", "Post" ]
    },
    {
      "ServiceKey": "Saas Service",
      "DownstreamPathTemplate": "/api/payment/{everything}",
      "DownstreamScheme": "https",
      "DownstreamHostAndPorts": [
        {
          "Host": "localhost",
          "Port": 44381
        }
      ],
      "UpstreamPathTemplate": "/api/payment/{everything}",
      "UpstreamHttpMethod": [ "Put", "Delete", "Get", "Post" ]
    },
    {
      "ServiceKey": "Administration Service",
      "DownstreamPathTemplate": "/api/jellog/{everything}",
      "DownstreamScheme": "https",
      "DownstreamHostAndPorts": [
        {
          "Host": "localhost",
          "Port": 44367
        }
      ],
      "UpstreamPathTemplate": "/api/jellog/{everything}",
      "UpstreamHttpMethod": [ "Put", "Delete", "Get", "Post" ]
    },
    {
      "ServiceKey": "Product Service",
      "DownstreamPathTemplate": "/api/product-service/{everything}",
      "DownstreamScheme": "https",
      "DownstreamHostAndPorts": [
        {
          "Host": "localhost",
          "Port": 44361
        }
      ],
      "UpstreamPathTemplate": "/api/product-service/{everything}",
      "UpstreamHttpMethod": [ "Put", "Delete", "Get", "Post" ],
      "QoSOptions": {
        "ExceptionsAllowedBeforeBreaking": 2,
        "DurationOfBreak": 2000,
        "TimeoutValue": 5000
      }
    }
  ]  
}