{
  "production": true,
  "application": {
    "baseUrl":"https://myprojectname-st-web",
    "name": "MyProjectName",
    "logoUrl": ""
  },
  "oAuthConfig": {
    "issuer": "https://myprojectname-st-authserver",
    "redirectUri": "https://myprojectname-st-web",
    "clientId": "MyProjectName_Angular",
    "responseType": "code",
    "scope": "offline_access openid profile email phone IdentityService AdministrationService SaasService"
  },
  "apis": {
    "default": {
      "url": "https://myprojectname-st-gateway-web",
      "rootNamespace": "MyProjectName"
    }
  }
}