{
  "folders": {
    "items": {
      "src": {},
      "test": {}
    }
  },
  "packages": {
    "MyCompanyName.MyProjectName.AdministrationService.HttpApi": {
      "path": "src/MyCompanyName.MyProjectName.AdministrationService.HttpApi/MyCompanyName.MyProjectName.AdministrationService.HttpApi.jellogpkg.json",
      "folder": "src"
    },
    "MyCompanyName.MyProjectName.AdministrationService.Application.Contracts": {
      "path": "src/MyCompanyName.MyProjectName.AdministrationService.Application.Contracts/MyCompanyName.MyProjectName.AdministrationService.Application.Contracts.jellogpkg.json",
      "folder": "src"
    },
    "MyCompanyName.MyProjectName.AdministrationService.Application": {
      "path": "src/MyCompanyName.MyProjectName.AdministrationService.Application/MyCompanyName.MyProjectName.AdministrationService.Application.jellogpkg.json",
      "folder": "src"
    },
    "MyCompanyName.MyProjectName.AdministrationService.Domain.Shared": {
      "path": "src/MyCompanyName.MyProjectName.AdministrationService.Domain.Shared/MyCompanyName.MyProjectName.AdministrationService.Domain.Shared.jellogpkg.json",
      "folder": "src"
    },
    "MyCompanyName.MyProjectName.AdministrationService.Domain": {
      "path": "src/MyCompanyName.MyProjectName.AdministrationService.Domain/MyCompanyName.MyProjectName.AdministrationService.Domain.jellogpkg.json",
      "folder": "src"
    },
    "MyCompanyName.MyProjectName.AdministrationService.EntityFrameworkCore": {
      "path": "src/MyCompanyName.MyProjectName.AdministrationService.EntityFrameworkCore/MyCompanyName.MyProjectName.AdministrationService.EntityFrameworkCore.jellogpkg.json",
      "folder": "src"
    },
    "MyCompanyName.MyProjectName.AdministrationService.HttpApi.Client": {
      "path": "src/MyCompanyName.MyProjectName.AdministrationService.HttpApi.Client/MyCompanyName.MyProjectName.AdministrationService.HttpApi.Client.jellogpkg.json",
      "folder": "src"
    },
    "MyCompanyName.MyProjectName.AdministrationService.HttpApi.Host": {
      "path": "src/MyCompanyName.MyProjectName.AdministrationService.HttpApi.Host/MyCompanyName.MyProjectName.AdministrationService.HttpApi.Host.jellogpkg.json",
      "folder": "src"
    },
    "MyCompanyName.MyProjectName.AdministrationService.TestBase": {
      "path": "test/MyCompanyName.MyProjectName.AdministrationService.TestBase/MyCompanyName.MyProjectName.AdministrationService.TestBase.jellogpkg.json",
      "folder": "test"
    },
    "MyCompanyName.MyProjectName.AdministrationService.Domain.Tests": {
      "path": "test/MyCompanyName.MyProjectName.AdministrationService.Domain.Tests/MyCompanyName.MyProjectName.AdministrationService.Domain.Tests.jellogpkg.json",
      "folder": "test"
    },
    "MyCompanyName.MyProjectName.AdministrationService.EntityFrameworkCore.Tests": {
      "path": "test/MyCompanyName.MyProjectName.AdministrationService.EntityFrameworkCore.Tests/MyCompanyName.MyProjectName.AdministrationService.EntityFrameworkCore.Tests.jellogpkg.json",
      "folder": "test"
    },
    "MyCompanyName.MyProjectName.AdministrationService.Application.Tests": {
      "path": "test/MyCompanyName.MyProjectName.AdministrationService.Application.Tests/MyCompanyName.MyProjectName.AdministrationService.Application.Tests.jellogpkg.json",
      "folder": "test"
    }
  }
}