{
  "folders": {
    "items": {
      "src": {},
      "test": {}
    }
  },
  "packages": {
    "MyCompanyName.MyProjectName.IdentityService.HttpApi": {
      "path": "src/MyCompanyName.MyProjectName.IdentityService.HttpApi/MyCompanyName.MyProjectName.IdentityService.HttpApi.jellogpkg.json",
      "folder": "src"
    },
    "MyCompanyName.MyProjectName.IdentityService.Application": {
      "path": "src/MyCompanyName.MyProjectName.IdentityService.Application/MyCompanyName.MyProjectName.IdentityService.Application.jellogpkg.json",
      "folder": "src"
    },
    "MyCompanyName.MyProjectName.IdentityService.Domain": {
      "path": "src/MyCompanyName.MyProjectName.IdentityService.Domain/MyCompanyName.MyProjectName.IdentityService.Domain.jellogpkg.json",
      "folder": "src"
    },
    "MyCompanyName.MyProjectName.IdentityService.Domain.Shared": {
      "path": "src/MyCompanyName.MyProjectName.IdentityService.Domain.Shared/MyCompanyName.MyProjectName.IdentityService.Domain.Shared.jellogpkg.json",
      "folder": "src"
    },
    "MyCompanyName.MyProjectName.IdentityService.EntityFrameworkCore": {
      "path": "src/MyCompanyName.MyProjectName.IdentityService.EntityFrameworkCore/MyCompanyName.MyProjectName.IdentityService.EntityFrameworkCore.jellogpkg.json",
      "folder": "src"
    },
    "MyCompanyName.MyProjectName.IdentityService.HttpApi.Client": {
      "path": "src/MyCompanyName.MyProjectName.IdentityService.HttpApi.Client/MyCompanyName.MyProjectName.IdentityService.HttpApi.Client.jellogpkg.json",
      "folder": "src"
    },
    "MyCompanyName.MyProjectName.IdentityService.Application.Contracts": {
      "path": "src/MyCompanyName.MyProjectName.IdentityService.Application.Contracts/MyCompanyName.MyProjectName.IdentityService.Application.Contracts.jellogpkg.json",
      "folder": "src"
    },
    "MyCompanyName.MyProjectName.IdentityService.HttpApi.Host": {
      "path": "src/MyCompanyName.MyProjectName.IdentityService.HttpApi.Host/MyCompanyName.MyProjectName.IdentityService.HttpApi.Host.jellogpkg.json",
      "folder": "src"
    },
    "MyCompanyName.MyProjectName.IdentityService.TestBase": {
      "path": "test/MyCompanyName.MyProjectName.IdentityService.TestBase/MyCompanyName.MyProjectName.IdentityService.TestBase.jellogpkg.json",
      "folder": "test"
    },
    "MyCompanyName.MyProjectName.IdentityService.Domain.Tests": {
      "path": "test/MyCompanyName.MyProjectName.IdentityService.Domain.Tests/MyCompanyName.MyProjectName.IdentityService.Domain.Tests.jellogpkg.json",
      "folder": "test"
    },
    "MyCompanyName.MyProjectName.IdentityService.EntityFrameworkCore.Tests": {
      "path": "test/MyCompanyName.MyProjectName.IdentityService.EntityFrameworkCore.Tests/MyCompanyName.MyProjectName.IdentityService.EntityFrameworkCore.Tests.jellogpkg.json",
      "folder": "test"
    },
    "MyCompanyName.MyProjectName.IdentityService.Application.Tests": {
      "path": "test/MyCompanyName.MyProjectName.IdentityService.Application.Tests/MyCompanyName.MyProjectName.IdentityService.Application.Tests.jellogpkg.json",
      "folder": "test"
    }
  }
}