{
  "folders": {
    "items": {
      "src": {},
      "test": {}
    }
  },
  "packages": {
    "MyCompanyName.MyProjectName.MicroserviceName.Domain.Shared": {
      "path": "src/MyCompanyName.MyProjectName.MicroserviceName.Domain.Shared/MyCompanyName.MyProjectName.MicroserviceName.Domain.Shared.jellogpkg.json",
      "folder": "src"
    },
    "MyCompanyName.MyProjectName.MicroserviceName.Application.Contracts": {
      "path": "src/MyCompanyName.MyProjectName.MicroserviceName.Application.Contracts/MyCompanyName.MyProjectName.MicroserviceName.Application.Contracts.jellogpkg.json",
      "folder": "src"
    },
    "MyCompanyName.MyProjectName.MicroserviceName.Domain": {
      "path": "src/MyCompanyName.MyProjectName.MicroserviceName.Domain/MyCompanyName.MyProjectName.MicroserviceName.Domain.jellogpkg.json",
      "folder": "src"
    },
    "MyCompanyName.MyProjectName.MicroserviceName.Application": {
      "path": "src/MyCompanyName.MyProjectName.MicroserviceName.Application/MyCompanyName.MyProjectName.MicroserviceName.Application.jellogpkg.json",
      "folder": "src"
    },
    "MyCompanyName.MyProjectName.MicroserviceName.EntityFrameworkCore": {
      "path": "src/MyCompanyName.MyProjectName.MicroserviceName.EntityFrameworkCore/MyCompanyName.MyProjectName.MicroserviceName.EntityFrameworkCore.jellogpkg.json",
      "folder": "src"
    },
    "MyCompanyName.MyProjectName.MicroserviceName.HttpApi": {
      "path": "src/MyCompanyName.MyProjectName.MicroserviceName.HttpApi/MyCompanyName.MyProjectName.MicroserviceName.HttpApi.jellogpkg.json",
      "folder": "src"
    },
    "MyCompanyName.MyProjectName.MicroserviceName.HttpApi.Client": {
      "path": "src/MyCompanyName.MyProjectName.MicroserviceName.HttpApi.Client/MyCompanyName.MyProjectName.MicroserviceName.HttpApi.Client.jellogpkg.json",
      "folder": "src"
    },
    "MyCompanyName.MyProjectName.MicroserviceName.HttpApi.Host": {
      "path": "src/MyCompanyName.MyProjectName.MicroserviceName.HttpApi.Host/MyCompanyName.MyProjectName.MicroserviceName.HttpApi.Host.jellogpkg.json",
      "folder": "src"
    },
    "MyCompanyName.MyProjectName.MicroserviceName.Blazor": {
      "path": "src/MyCompanyName.MyProjectName.MicroserviceName.Blazor/MyCompanyName.MyProjectName.MicroserviceName.Blazor.jellogpkg.json",
      "folder": "src"
    },
    "MyCompanyName.MyProjectName.MicroserviceName.Web": {
      "path": "src/MyCompanyName.MyProjectName.MicroserviceName.Web/MyCompanyName.MyProjectName.MicroserviceName.Web.jellogpkg.json",
      "folder": "src"
    },
    "MyCompanyName.MyProjectName.MicroserviceName.Domain.Tests": {
      "path": "test/MyCompanyName.MyProjectName.MicroserviceName.Domain.Tests/MyCompanyName.MyProjectName.MicroserviceName.Domain.Tests.jellogpkg.json",
      "folder": "test"
    },
    "MyCompanyName.MyProjectName.MicroserviceName.EntityFrameworkCore.Tests": {
      "path": "test/MyCompanyName.MyProjectName.MicroserviceName.EntityFrameworkCore.Tests/MyCompanyName.MyProjectName.MicroserviceName.EntityFrameworkCore.Tests.jellogpkg.json",
      "folder": "test"
    },
    "MyCompanyName.MyProjectName.MicroserviceName.TestBase": {
      "path": "test/MyCompanyName.MyProjectName.MicroserviceName.TestBase/MyCompanyName.MyProjectName.MicroserviceName.TestBase.jellogpkg.json",
      "folder": "test"
    },
    "MyCompanyName.MyProjectName.MicroserviceName.Application.Tests": {
      "path": "test/MyCompanyName.MyProjectName.MicroserviceName.Application.Tests/MyCompanyName.MyProjectName.MicroserviceName.Application.Tests.jellogpkg.json",
      "folder": "test"
    }
  }
}