{
  "folders": {
    "items": {
      "src": {},
      "test": {}
    }
  },
  "packages": {
    "MyCompanyName.MyProjectName.ProductService.Domain.Shared": {
      "path": "src/MyCompanyName.MyProjectName.ProductService.Domain.Shared/MyCompanyName.MyProjectName.ProductService.Domain.Shared.jellogpkg.json",
      "folder": "src"
    },
    "MyCompanyName.MyProjectName.ProductService.Domain": {
      "path": "src/MyCompanyName.MyProjectName.ProductService.Domain/MyCompanyName.MyProjectName.ProductService.Domain.jellogpkg.json",
      "folder": "src"
    },
    "MyCompanyName.MyProjectName.ProductService.Application.Contracts": {
      "path": "src/MyCompanyName.MyProjectName.ProductService.Application.Contracts/MyCompanyName.MyProjectName.ProductService.Application.Contracts.jellogpkg.json",
      "folder": "src"
    },
    "MyCompanyName.MyProjectName.ProductService.Application": {
      "path": "src/MyCompanyName.MyProjectName.ProductService.Application/MyCompanyName.MyProjectName.ProductService.Application.jellogpkg.json",
      "folder": "src"
    },
    "MyCompanyName.MyProjectName.ProductService.EntityFrameworkCore": {
      "path": "src/MyCompanyName.MyProjectName.ProductService.EntityFrameworkCore/MyCompanyName.MyProjectName.ProductService.EntityFrameworkCore.jellogpkg.json",
      "folder": "src"
    },
    "MyCompanyName.MyProjectName.ProductService.HttpApi": {
      "path": "src/MyCompanyName.MyProjectName.ProductService.HttpApi/MyCompanyName.MyProjectName.ProductService.HttpApi.jellogpkg.json",
      "folder": "src"
    },
    "MyCompanyName.MyProjectName.ProductService.HttpApi.Client": {
      "path": "src/MyCompanyName.MyProjectName.ProductService.HttpApi.Client/MyCompanyName.MyProjectName.ProductService.HttpApi.Client.jellogpkg.json",
      "folder": "src"
    },
    "MyCompanyName.MyProjectName.ProductService.HttpApi.Host": {
      "path": "src/MyCompanyName.MyProjectName.ProductService.HttpApi.Host/MyCompanyName.MyProjectName.ProductService.HttpApi.Host.jellogpkg.json",
      "folder": "src"
    },
    "MyCompanyName.MyProjectName.ProductService.Blazor": {
      "path": "src/MyCompanyName.MyProjectName.ProductService.Blazor/MyCompanyName.MyProjectName.ProductService.Blazor.jellogpkg.json",
      "folder": "src"
    },
    "MyCompanyName.MyProjectName.ProductService.Web": {
      "path": "src/MyCompanyName.MyProjectName.ProductService.Web/MyCompanyName.MyProjectName.ProductService.Web.jellogpkg.json",
      "folder": "src"
    },
    "MyCompanyName.MyProjectName.ProductService.Application.Tests": {
      "path": "test/MyCompanyName.MyProjectName.ProductService.Application.Tests/MyCompanyName.MyProjectName.ProductService.Application.Tests.jellogpkg.json",
      "folder": "test"
    },
    "MyCompanyName.MyProjectName.ProductService.Domain.Tests": {
      "path": "test/MyCompanyName.MyProjectName.ProductService.Domain.Tests/MyCompanyName.MyProjectName.ProductService.Domain.Tests.jellogpkg.json",
      "folder": "test"
    },
    "MyCompanyName.MyProjectName.ProductService.EntityFrameworkCore.Tests": {
      "path": "test/MyCompanyName.MyProjectName.ProductService.EntityFrameworkCore.Tests/MyCompanyName.MyProjectName.ProductService.EntityFrameworkCore.Tests.jellogpkg.json",
      "folder": "test"
    },
    "MyCompanyName.MyProjectName.ProductService.TestBase": {
      "path": "test/MyCompanyName.MyProjectName.ProductService.TestBase/MyCompanyName.MyProjectName.ProductService.TestBase.jellogpkg.json",
      "folder": "test"
    }
  }
}