{
  "GlobalConfiguration": {
    "BaseUrl": "https://localhost:44325"
  },
  "Routes": [
    {
      "ServiceKey": "Account Service",
      "DownstreamPathTemplate": "/api/account/{everything}",
      "DownstreamScheme": "https",
      "DownstreamHostAndPorts": [
        {
          "Host": "localhost",
          "Port": 44322
        }
      ],
      "UpstreamPathTemplate": "/api/account/{everything}",
      "UpstreamHttpMethod": [ "Put", "Delete", "Get", "Post" ]
    },
    {
      "ServiceKey": "Identity Service",
      "DownstreamPathTemplate": "/api/identity/{everything}",
      "DownstreamScheme": "https",
      "DownstreamHostAndPorts": [
        {
          "Host": "localhost",
          "Port": 44388
        }
      ],
      "UpstreamPathTemplate": "/api/identity/{everything}",
      "UpstreamHttpMethod": [ "Put", "Delete", "Get", "Post" ]
    },
    {
      "ServiceKey": "Identity Service",
      "DownstreamPathTemplate": "/api/openiddict/{everything}",
      "DownstreamScheme": "https",
      "DownstreamHostAndPorts": [
        {
          "Host": "localhost",
          "Port": 44388
        }
      ],
      "UpstreamPathTemplate": "/api/openiddict/{everything}",
      "UpstreamHttpMethod": [ "Put", "Delete", "Get", "Post" ]
    },
    {
      "ServiceKey": "Identity Service",
      "DownstreamPathTemplate": "/api/account-admin/{everything}",
      "DownstreamScheme": "https",
      "DownstreamHostAndPorts": [
        {
          "Host": "localhost",
          "Port": 44388
        }
      ],
      "UpstreamPathTemplate": "/api/account-admin/{everything}",
      "UpstreamHttpMethod": [ "Put", "Delete", "Get", "Post" ]
    },
    {
      "ServiceKey": "Saas Service",
      "DownstreamPathTemplate": "/api/saas/{everything}",
      "DownstreamScheme": "https",
      "DownstreamHostAndPorts": [
        {
          "Host": "localhost",
          "Port": 44381
        }
      ],
      "UpstreamPathTemplate": "/api/saas/{everything}",
      "UpstreamHttpMethod": [ "Put", "Delete", "Get", "Post" ]
    },
    {
      "ServiceKey": "Saas Service",
      "DownstreamPathTemplate": "/api/payment-admin/{everything}",
      "DownstreamScheme": "https",
      "DownstreamHostAndPorts": [
        {
          "Host": "localhost",
          "Port": 44381
        }
      ],
      "UpstreamPathTemplate": "/api/payment-admin/{everything}",
      "UpstreamHttpMethod": [ "Put", "Delete", "Get", "Post" ]
    },
    {
      "ServiceKey": "Administration Service",
      "DownstreamPathTemplate": "/api/jellog/{everything}",
      "DownstreamScheme": "https",
      "DownstreamHostAndPorts": [
        {
          "Host": "localhost",
          "Port": 44367
        }
      ],
      "UpstreamPathTemplate": "/api/jellog/{everything}",
      "UpstreamHttpMethod": [ "Put", "Delete", "Get", "Post" ]
    },
    {
      "ServiceKey": "Administration Service",
      "DownstreamPathTemplate": "/api/audit-logging/{everything}",
      "DownstreamScheme": "https",
      "DownstreamHostAndPorts": [
        {
          "Host": "localhost",
          "Port": 44367
        }
      ],
      "UpstreamPathTemplate": "/api/audit-logging/{everything}",
      "UpstreamHttpMethod": [ "Put", "Delete", "Get", "Post" ]
    },
    {
      "ServiceKey": "Administration Service",
      "DownstreamPathTemplate": "/api/language-management/{everything}",
      "DownstreamScheme": "https",
      "DownstreamHostAndPorts": [
        {
          "Host": "localhost",
          "Port": 44367
        }
      ],
      "UpstreamPathTemplate": "/api/language-management/{everything}",
      "UpstreamHttpMethod": [ "Put", "Delete", "Get", "Post" ]
    },
    {
      "ServiceKey": "Administration Service",
      "DownstreamPathTemplate": "/api/text-template-management/{everything}",
      "DownstreamScheme": "https",
      "DownstreamHostAndPorts": [
        {
          "Host": "localhost",
          "Port": 44367
        }
      ],
      "UpstreamPathTemplate": "/api/text-template-management/{everything}",
      "UpstreamHttpMethod": [ "Put", "Delete", "Get", "Post" ]
    },
    {
      "ServiceKey": "Administration Service",
      "DownstreamPathTemplate": "/api/feature-management/{everything}",
      "DownstreamScheme": "https",
      "DownstreamHostAndPorts": [
        {
          "Host": "localhost",
          "Port": 44367
        }
      ],
      "UpstreamPathTemplate": "/api/feature-management/{everything}",
      "UpstreamHttpMethod": [ "Put", "Delete", "Get", "Post" ]
    },
    {
      "ServiceKey": "Administration Service",
      "DownstreamPathTemplate": "/api/permission-management/{everything}",
      "DownstreamScheme": "https",
      "DownstreamHostAndPorts": [
        {
          "Host": "localhost",
          "Port": 44367
        }
      ],
      "UpstreamPathTemplate": "/api/permission-management/{everything}",
      "UpstreamHttpMethod": [ "Put", "Delete", "Get", "Post" ]
    },
    {
      "ServiceKey": "Administration Service",
      "DownstreamPathTemplate": "/api/setting-management/{everything}",
      "DownstreamScheme": "https",
      "DownstreamHostAndPorts": [
        {
          "Host": "localhost",
          "Port": 44367
        }
      ],
      "UpstreamPathTemplate": "/api/setting-management/{everything}",
      "UpstreamHttpMethod": [ "Put", "Delete", "Get", "Post" ]
    },
    {
      "ServiceKey": "Administration Service",
      "DownstreamPathTemplate": "/api/lepton-theme-management/{everything}",
      "DownstreamScheme": "https",
      "DownstreamHostAndPorts": [
        {
          "Host": "localhost",
          "Port": 44367
        }
      ],
      "UpstreamPathTemplate": "/api/lepton-theme-management/{everything}",
      "UpstreamHttpMethod": [ "Put", "Delete", "Get", "Post" ]
    },
    {
      "ServiceKey": "Product Service",
      "DownstreamPathTemplate": "/api/product-service/{everything}",
      "DownstreamScheme": "https",
      "DownstreamHostAndPorts": [
        {
          "Host": "localhost",
          "Port": 44361
        }
      ],
      "UpstreamPathTemplate": "/api/product-service/{everything}",
      "UpstreamHttpMethod": [ "Put", "Delete", "Get", "Post" ]
    }
  ]  
}