{
  "Culture": "en",
  "Texts": {
    "Menu:Home": "Home",
    "Menu:ContactUs": "Contact Us",
    "Menu:ArticleSample": "Article Sample",
    "Home": "Home",
    "Welcome": "Welcome",
    "LongWelcomeMessage": "Welcome to the application. This is a startup project based on the JELLOG framework. For more information visit jellog.io.",
    "EndDate": "End date",
    "StartDate": "Start date",
    "Permission:Dashboard": "Dashboard",
    "Menu:Dashboard": "Dashboard",
    "Menu:HomePage": "Home page",
    "Dashboard": "Dashboard",
    "ExternalProvider:Google": "Google",
    "ExternalProvider:Google:ClientId": "Client ID",
    "ExternalProvider:Google:ClientSecret": "Client Secret",
    "ExternalProvider:Microsoft": "Microsoft",
    "ExternalProvider:Microsoft:ClientId": "Client ID",
    "ExternalProvider:Microsoft:ClientSecret": "Client Secret",
    "ExternalProvider:Twitter": "Twitter",
    "ExternalProvider:Twitter:ConsumerKey": "Consumer Key",
    "ExternalProvider:Twitter:ConsumerSecret": "Consumer Secret",
    "NewsletterHeader": "Subscribe to the newsletter!",
    "NewsletterInfo": "Get information about the latest happenings.",
    "NewsletterPreference_Default": "Default Newsletter",
    "NewsletterPrivacyAcceptMessage": "I accept the <a href='/privacy-policy'>Privacy Policy</a>.",
    "ChangeLanguage": "Change language"
  }
}
