{
  "culture": "it",
  "texts": {
    "Menu:Home": "Home",
    "Menu:ContactUs": "Contattaci",
    "Menu:ArticleSample": "Esempio di articolo",
    "Home": "Home",
    "Welcome": "Benvenuto",
    "LongWelcomeMessage": "Benvenuto nell'applicazione. Questo è un progetto di avvio basato sul framework JELLOG. Per maggiori informazioni visita jellog.io.",
    "EndDate": "Data di fine",
    "StartDate": "Data d'inizio",
    "Permission:Dashboard": "Cruscotto",
    "Menu:Dashboard": "Cruscotto",
    "Menu:HomePage": "Pagina iniziale",
    "Dashboard": "Cruscotto",
    "ExternalProvider:Google": "Google",
    "ExternalProvider:Google:ClientId": "Client ID",
    "ExternalProvider:Google:ClientSecret": "Client Secret",
    "ExternalProvider:Microsoft": "Microsoft",
    "ExternalProvider:Microsoft:ClientId": "Client ID",
    "ExternalProvider:Microsoft:ClientSecret": "Client Secret",
    "ExternalProvider:Twitter": "Twitter",
    "ExternalProvider:Twitter:ConsumerKey": "Consumer Key",
    "ExternalProvider:Twitter:ConsumerSecret": "Consumer Secret",
    "NewsletterHeader": "Iscriviti alla newsletter!",
    "NewsletterInfo": "Ottieni informazioni sugli ultimi avvenimenti.",
    "NewsletterPreference_Default": "Newsletter predefinita",
    "NewsletterPrivacyAcceptMessage": "Accetto la <a href='/privacy-policy'>Informativa sulla privacy</a>."
  }
}