{
  "culture": "tr",
  "texts": {
    "Menu:Home": "Ana sayfa",
    "Menu:ContactUs": "Bize Ulaşın",
    "Menu:ArticleSample": "Yazı Örneği",
    "Home": "Ana sayfa",
    "Welcome": "Hoşgeldiniz",
    "LongWelcomeMessage": "Uygulamaya hoşgeldiniz. Bu, JELLOG framework'ü üzerine bina edilmiş bir başlangıç projesidir. Daha fazla bilgi için jellog.io adresini ziyaret edebilirsiniz.",
    "EndDate": "Bitiş tarihi",
    "StartDate": "Başlangıç tarihi",
    "Permission:Dashboard": "Genel görünüm",
    "Menu:Dashboard": "Genel görünüm",
    "Menu:HomePage": "ana sayfa",
    "Dashboard": "Genel görünüm",
    "ExternalProvider:Google": "Google",
    "ExternalProvider:Google:ClientId": "Client ID",
    "ExternalProvider:Google:ClientSecret": "Client Secret",
    "ExternalProvider:Microsoft": "Microsoft",
    "ExternalProvider:Microsoft:ClientId": "Client ID",
    "ExternalProvider:Microsoft:ClientSecret": "Client Secret",
    "ExternalProvider:Twitter": "Twitter",
    "ExternalProvider:Twitter:ConsumerKey": "Consumer Key",
    "ExternalProvider:Twitter:ConsumerSecret": "Consumer Secret",
    "NewsletterHeader": "Bültene abone olun!",
    "NewsletterInfo": "Son gelişmeler hakkında bilgi alın.",
    "NewsletterPreference_Default": "Varsayılan Bülten",
    "NewsletterPrivacyAcceptMessage": "<a href='/privacy-policy'>Gizlilik Politikası</a>'nı kabul ediyorum.",
    "ChangeLanguage": "Dili değiştir"
  }
}