{
  "production": true,
  "application": {
    "baseUrl":"http://localhost:4200",
    "name": "MyProjectName",
    "logoUrl": ""
  },
  "oAuthConfig": {
    // <TEMPLATE-REMOVE IF-NOT='tiered'>
    "issuer": "https://localhost:44334",
    // </TEMPLATE-REMOVE>
    // <TEMPLATE-REMOVE IF='tiered'>
    "issuer": "https://localhost:44354",
    // </TEMPLATE-REMOVE>
    "redirectUri": "http://localhost:4200",
    "clientId": "MyProjectName_App",
    "responseType": "code",
    "scope": "offline_access openid profile email phone MyProjectName"
  },
  "apis": {
    "default": {
      "url": "https://localhost:44354",
      "rootNamespace": "MyProjectName"
    },
    "JellogAccountPublic": {
      // <TEMPLATE-REMOVE IF-NOT='tiered'>
      "url": "https://localhost:44334",
      // </TEMPLATE-REMOVE>
      // <TEMPLATE-REMOVE IF='tiered'>
      "url": "https://localhost:44354",
      // </TEMPLATE-REMOVE>
      "rootNamespace": "JellogAccountPublic"
    }
  }
}