{
  "culture": "ar",
  "texts": {
    "Menu:Home": "منزل، بيت",
    "Menu:ContactUs": "اتصل بنا",
    "Menu:ArticleSample": "عينة المادة",
    "Home": "منزل، بيت",
    "Welcome": "مرحبا",
    "LongWelcomeMessage": "مرحبا بكم في التطبيق. هذا مشروع بدء التشغيل يعتمد على إطار عمل برنامج JELLOG. لمزيد من المعلومات قم بزيارة jellog.io.",
    "EndDate": "تاريخ الانتهاء",
    "StartDate": "تاريخ البدء",
    "Permission:Dashboard": "لوحة القيادة",
    "Menu:Dashboard": "لوحة القيادة",
    "Menu:HomePage": "الصفحة الرئيسية",
    "Dashboard": "لوحة القيادة",
    "ExternalProvider:Google": "جوجل",
    "ExternalProvider:Google:ClientId": "معرف العميل",
    "ExternalProvider:Google:ClientSecret": "سر العميل",
    "ExternalProvider:Microsoft": "مايكروسوفت",
    "ExternalProvider:Microsoft:ClientId": "معرف العميل",
    "ExternalProvider:Microsoft:ClientSecret": "سر العميل",
    "ExternalProvider:Twitter": "تويتر",
    "ExternalProvider:Twitter:ConsumerKey": "مفتاح المستهلك",
    "ExternalProvider:Twitter:ConsumerSecret": "سر المستهلك",
    "NewsletterHeader": "اشترك في النشرة الإخبارية!",
    "NewsletterInfo": "احصل على معلومات حول آخر الأحداث.",
    "NewsletterPreference_Default": "النشرة الإخبارية الافتراضية",
    "NewsletterPrivacyAcceptMessage": "أوافق على <a href='/privacy-policy'> سياسة الخصوصية </a>."
  }
}