{
  "culture": "es",
  "texts": {
    "Menu:Home": "Hogar",
    "Menu:ContactUs": "Contáctenos",
    "Menu:ArticleSample": "Muestra de artículo",
    "Home": "Hogar",
    "Welcome": "Bienvenido",
    "LongWelcomeMessage": "Bienvenido a la aplicacion. Este es un proyecto de inicio basado en el marco JELLOG. Para obtener mas informacion, visite jellog.io.",
    "EndDate": "Fecha de finalizaci�n",
    "StartDate": "Fecha de inicio",
    "Permission:Dashboard": "Panel de control",
    "Menu:Dashboard": "Panel de control",
    "Menu:HomePage": "Página de inicio",
    "Dashboard": "Panel de control",
    "ExternalProvider:Google": "Google",
    "ExternalProvider:Google:ClientId": "ID de cliente",
    "ExternalProvider:Google:ClientSecret": "Client Secret",
    "ExternalProvider:Microsoft": "Microsoft",
    "ExternalProvider:Microsoft:ClientId": "ID de cliente",
    "ExternalProvider:Microsoft:ClientSecret": "Client Secret",
    "ExternalProvider:Twitter": "Twitter",
    "ExternalProvider:Twitter:ConsumerKey": "Clave de consumidor",
    "ExternalProvider:Twitter:ConsumerSecret": "Consumer Secret",
    "NewsletterHeader": "Suscríbete a la newsletter!",
    "NewsletterInfo": "Obtenga información sobre los últimos acontecimientos.",
    "NewsletterPreference_Default": "Boletín de noticias predeterminado",
    "NewsletterPrivacyAcceptMessage": "Acepto la <a href='/privacy-policy'> Política de privacidad </a>."
  }
}