{
  "culture": "fi",
  "texts": {
    "Menu:Home": "Koti",
    "Menu:ContactUs": "Ota meihin yhteyttä",
    "Menu:ArticleSample": "Artikkelinäyte",
    "Home": "Koti",
    "Welcome": "Tervetuloa",
    "LongWelcomeMessage": "Tervetuloa sovellukseen. Tämä on JELLOG-kehykseen perustuva käynnistysprojekti. Lisätietoja on osoitteessa jellog.io.",
    "EndDate": "Päättymispäivä",
    "StartDate": "Aloituspäivämäärä",
    "Permission:Dashboard": "Kojelauta",
    "Menu:Dashboard": "Kojelauta",
    "Menu:HomePage": "Kotisivu",
    "Dashboard": "Kojelauta",
    "ExternalProvider:Google": "Google",
    "ExternalProvider:Google:ClientId": "Asiakastunnus",
    "ExternalProvider:Google:ClientSecret": "Asiakkaan salaisuus",
    "ExternalProvider:Microsoft": "Microsoft",
    "ExternalProvider:Microsoft:ClientId": "Asiakastunnus",
    "ExternalProvider:Microsoft:ClientSecret": "Asiakkaan salaisuus",
    "ExternalProvider:Twitter": "Viserrys",
    "ExternalProvider:Twitter:ConsumerKey": "Kuluttaja-avain",
    "ExternalProvider:Twitter:ConsumerSecret": "Kuluttajan salaisuus",
    "NewsletterHeader": "Tilaa uutiskirje!",
    "NewsletterInfo": "Hanki tietoa viimeisimmistä tapahtumista.",
    "NewsletterPreference_Default": "Oletusuutiskirje",
    "NewsletterPrivacyAcceptMessage": "Hyväksyn <a href='/privacy-policy'> tietosuojakäytännön </a>."
  }
}