{
  "culture": "hi",
  "texts": {
    "Menu:Home": "घर",
    "Menu:ContactUs": "संपर्क करें",
    "Menu:ArticleSample": "आलेख नमूना",
    "Home": "घर",
    "Welcome": "स्वागत हे",
    "LongWelcomeMessage": "आवेदन करने के लिए आपका स्वागत है। यह एबीपी ढांचे पर आधारित एक स्टार्टअप परियोजना है। अधिक जानकारी के लिए jellog.io पर जाएँ।",
    "EndDate": "समाप्ति तिथि",
    "StartDate": "आरंभ करने की तिथि",
    "Permission:Dashboard": "डैशबोर्ड",
    "Menu:Dashboard": "डैशबोर्ड",
    "Menu:HomePage": "मुख पृष्ठ",
    "Dashboard": "डैशबोर्ड",
    "ExternalProvider:Google": "गूगल",
    "ExternalProvider:Google:ClientId": "ग्राहक ID",
    "ExternalProvider:Google:ClientSecret": "ग्राहक गुप्त",
    "ExternalProvider:Microsoft": "माइक्रोसॉफ्ट",
    "ExternalProvider:Microsoft:ClientId": "ग्राहक ID",
    "ExternalProvider:Microsoft:ClientSecret": "ग्राहक गुप्त",
    "ExternalProvider:Twitter": "ट्विटर",
    "ExternalProvider:Twitter:ConsumerKey": "उपभोक्ता कुंजी",
    "ExternalProvider:Twitter:ConsumerSecret": "उपभोक्ता रहस्य",
    "NewsletterHeader": "न्यूज़लेटर की सदस्यता लें!",
    "NewsletterInfo": "नवीनतम घटनाओं के बारे में जानकारी प्राप्त करें।",
    "NewsletterPreference_Default": "डिफ़ॉल्ट न्यूज़लैटर",
    "NewsletterPrivacyAcceptMessage": "मैं <a href='/privacy-policy'> गोपनीयता नीति </a> स्वीकार करता हूं।"
  }
}