{
  "culture": "pt-BR",
  "texts": {
    "Menu:Home": "Principal",
    "Menu:ContactUs": "Entre em contato conosco",
    "Menu:ArticleSample": "Amostra de Artigo",
    "Home": "Casa",
    "Welcome": "Seja bem-vindo!",
    "LongWelcomeMessage": "Bem-vindo a esta aplicação. Este é um projeto inicial baseado no JELLOG framework. Para mais informações, visite jellog.io.",
    "EndDate": "Data final",
    "StartDate": "Data de início",
    "Permission:Dashboard": "Painel",
    "Menu:Dashboard": "Painel",
    "Menu:HomePage": "Pagina inicial",
    "Dashboard": "Painel",
    "ExternalProvider:Google": "Google",
    "ExternalProvider:Google:ClientId": "ID do Cliente",
    "ExternalProvider:Google:ClientSecret": "Segredo do cliente",
    "ExternalProvider:Microsoft": "Microsoft",
    "ExternalProvider:Microsoft:ClientId": "ID do Cliente",
    "ExternalProvider:Microsoft:ClientSecret": "Segredo do cliente",
    "ExternalProvider:Twitter": "Twitter",
    "ExternalProvider:Twitter:ConsumerKey": "Chave do consumidor",
    "ExternalProvider:Twitter:ConsumerSecret": "consumidor secreto",
    "NewsletterHeader": "Assine a newsletter!",
    "NewsletterInfo": "Obtenha informações sobre os últimos acontecimentos.",
    "NewsletterPreference_Default": "Boletim informativo padrão",
    "NewsletterPrivacyAcceptMessage": "Eu aceito a <a href='/privacy-policy'> Política de Privacidade </a>."
  }
}