{
  "culture": "ru",
  "texts": {
    "Menu:Home": "Дома",
    "Menu:ContactUs": "Связаться с нами",
    "Menu:ArticleSample": "Образец статьи",
    "Home": "Дома",
    "Welcome": "Добро пожаловать",
    "LongWelcomeMessage": "Добро пожаловать в приложение. Это стартап-проект, основанный на структуре JELLOG. Для получения дополнительной информации посетите сайт jellog.io.",
    "EndDate": "Дата окончания",
    "StartDate": "Дата начала",
    "Permission:Dashboard": "Панель приборов",
    "Menu:Dashboard": "Панель приборов",
    "Menu:HomePage": "Домашняя страница",
    "Dashboard": "Панель приборов",
    "ExternalProvider:Google": "Google",
    "ExternalProvider:Google:ClientId": "ID клиента",
    "ExternalProvider:Google:ClientSecret": "Секрет клиента",
    "ExternalProvider:Microsoft": "Майкрософт",
    "ExternalProvider:Microsoft:ClientId": "ID клиента",
    "ExternalProvider:Microsoft:ClientSecret": "Секрет клиента",
    "ExternalProvider:Twitter": "Твиттер",
    "ExternalProvider:Twitter:ConsumerKey": "Потребительский ключ",
    "ExternalProvider:Twitter:ConsumerSecret": "Потребительский секрет",
    "NewsletterHeader": "Подпишитесь на рассылку!",
    "NewsletterInfo": "Получайте информацию о последних событиях.",
    "NewsletterPreference_Default": "Информационный бюллетень по умолчанию",
    "NewsletterPrivacyAcceptMessage": "Я принимаю <a href='/privacy-policy'>Политику конфиденциальности</a>."
  }
}