{
  "culture": "sk",
  "texts": {
    "Menu:Home": "Domov",
    "Menu:ContactUs": "Kontaktujte nás",
    "Menu:ArticleSample": "Ukážka článku",
    "Home": "Domov",
    "Welcome": "Vitajte",
    "LongWelcomeMessage": "Vitajte v aplikácii. Toto je štartovací projekt založený na JELLOG frameworku. Viac informácií nájdete na stránke jellog.io.",
    "EndDate": "Dátum ukončenia",
    "StartDate": "Dátum začiatku",
    "Permission:Dashboard": "Dashboard",
    "Menu:Dashboard": "Dashboard",
    "Menu:HomePage": "Domovská stránka",
    "Dashboard": "Dashboard",
    "ExternalProvider:Google": "Google",
    "ExternalProvider:Google:ClientId": "Client ID",
    "ExternalProvider:Google:ClientSecret": "Client Secret",
    "ExternalProvider:Microsoft": "Microsoft",
    "ExternalProvider:Microsoft:ClientId": "Client ID",
    "ExternalProvider:Microsoft:ClientSecret": "Client Secret",
    "ExternalProvider:Twitter": "Twitter",
    "ExternalProvider:Twitter:ConsumerKey": "Consumer Key",
    "ExternalProvider:Twitter:ConsumerSecret": "Consumer Secret",
    "NewsletterHeader": "Prihláste sa na odber noviniek!",
    "NewsletterInfo": "Získajte informácie o najnovšiom dianí.",
    "NewsletterPreference_Default": "Predvolený odber noviniek",
    "NewsletterPrivacyAcceptMessage": "Súhlasím so <a href='/privacy-policy'>Zásadami ochrany osobných údajov</a>."
  }
}