{
  "production": true,
  "application": {
    "baseUrl":"https://myprojectname-web",
    "name": "MyProjectName",
    "logoUrl": ""
  },
  "oAuthConfig": {
    "issuer": "https://myprojectname-api",
    "redirectUri": "https://myprojectname",
    "clientId": "MyProjectName_App",
    "responseType": "code",
    "scope": "offline_access openid profile email phone"
  },
  "apis": {
    "default": {
      "url": "https://myprojectname-api",
      "rootNamespace": "MyProjectName"
    }
  }
}