{
  "folders": {
    "items": {
      "src": {},
      "test": {}
    }
  },
  "packages": {
    "MyCompanyName.MyProjectName.SaasService.HttpApi": {
      "path": "src/MyCompanyName.MyProjectName.SaasService.HttpApi/MyCompanyName.MyProjectName.SaasService.HttpApi.jellogpkg.json",
      "folder": "src"
    },
    "MyCompanyName.MyProjectName.SaasService.Application.Contracts": {
      "path": "src/MyCompanyName.MyProjectName.SaasService.Application.Contracts/MyCompanyName.MyProjectName.SaasService.Application.Contracts.jellogpkg.json",
      "folder": "src"
    },
    "MyCompanyName.MyProjectName.SaasService.Application": {
      "path": "src/MyCompanyName.MyProjectName.SaasService.Application/MyCompanyName.MyProjectName.SaasService.Application.jellogpkg.json",
      "folder": "src"
    },
    "MyCompanyName.MyProjectName.SaasService.Domain.Shared": {
      "path": "src/MyCompanyName.MyProjectName.SaasService.Domain.Shared/MyCompanyName.MyProjectName.SaasService.Domain.Shared.jellogpkg.json",
      "folder": "src"
    },
    "MyCompanyName.MyProjectName.SaasService.Domain": {
      "path": "src/MyCompanyName.MyProjectName.SaasService.Domain/MyCompanyName.MyProjectName.SaasService.Domain.jellogpkg.json",
      "folder": "src"
    },
    "MyCompanyName.MyProjectName.SaasService.EntityFrameworkCore": {
      "path": "src/MyCompanyName.MyProjectName.SaasService.EntityFrameworkCore/MyCompanyName.MyProjectName.SaasService.EntityFrameworkCore.jellogpkg.json",
      "folder": "src"
    },
    "MyCompanyName.MyProjectName.SaasService.HttpApi.Client": {
      "path": "src/MyCompanyName.MyProjectName.SaasService.HttpApi.Client/MyCompanyName.MyProjectName.SaasService.HttpApi.Client.jellogpkg.json",
      "folder": "src"
    },
    "MyCompanyName.MyProjectName.SaasService.HttpApi.Host": {
      "path": "src/MyCompanyName.MyProjectName.SaasService.HttpApi.Host/MyCompanyName.MyProjectName.SaasService.HttpApi.Host.jellogpkg.json",
      "folder": "src"
    },
    "MyCompanyName.MyProjectName.SaasService.TestBase": {
      "path": "test/MyCompanyName.MyProjectName.SaasService.TestBase/MyCompanyName.MyProjectName.SaasService.TestBase.jellogpkg.json",
      "folder": "test"
    },
    "MyCompanyName.MyProjectName.SaasService.Domain.Tests": {
      "path": "test/MyCompanyName.MyProjectName.SaasService.Domain.Tests/MyCompanyName.MyProjectName.SaasService.Domain.Tests.jellogpkg.json",
      "folder": "test"
    },
    "MyCompanyName.MyProjectName.SaasService.EntityFrameworkCore.Tests": {
      "path": "test/MyCompanyName.MyProjectName.SaasService.EntityFrameworkCore.Tests/MyCompanyName.MyProjectName.SaasService.EntityFrameworkCore.Tests.jellogpkg.json",
      "folder": "test"
    },
    "MyCompanyName.MyProjectName.MicroserviceName.Application.Tests": {
      "path": "test/MyCompanyName.MyProjectName.SaasService.Application.Tests/MyCompanyName.MyProjectName.SaasService.Application.Tests.jellogpkg.json",
      "folder": "test"
    }
  }
}